scen0,scen1,scen2,scen3
29.613327,29.09923,27.131107,27.769835
33.243214,27.746986,30.917507,27.805733
23.931793,25.958557,27.07842,26.786879
25.217194,26.213942,22.714878,25.088722
27.553873,25.049099,26.302654,27.432829
27.79856,24.664558,27.021206,27.96073
